Text39;Text38;Text48;Text40;Text41;Text42;Text44;Text46
1;00:17:03;"Долгота=38° 58' 58.83"" Широта=45° 14' 42.06""";00:17:58;"Долгота=38° 58' 58.83"" Широта=45° 14' 42.06""";0,14;00:00:55;0,00
2;00:21:20;"Долгота=38° 58' 58.83"" Широта=45° 14' 42.06""";00:21:24;"Долгота=38° 58' 58.38"" Широта=45° 14' 44.26""";0,07;00:00:04;0,00
3;00:22:47;"Долгота=38° 58' 58.38"" Широта=45° 14' 44.26""";00:22:50;"Долгота=38° 58' 58.16"" Широта=45° 14' 45.02""";0,02;00:00:03;0,00
4;00:27:54;"Долгота=38° 58' 58.16"" Широта=45° 14' 45.02""";00:28:08;"Долгота=38° 58' 57.42"" Широта=45° 14' 48.20""";0,10;00:00:14;0,00
5;00:33:13;"Долгота=38° 58' 57.42"" Широта=45° 14' 48.20""";00:34:00;"Долгота=38° 58' 56.06"" Широта=45° 14' 53.24""";0,16;00:00:47;0,00
6;00:36:04;"Долгота=38° 58' 56.06"" Широта=45° 14' 53.24""";00:36:11;"Долгота=38° 58' 55.59"" Широта=45° 14' 55.14""";0,06;00:00:07;0,00
7;00:38:52;"Долгота=38° 58' 55.59"" Широта=45° 14' 55.14""";00:42:24;"Долгота=39° 00' 11.78"" Широта=45° 15' 07.51""";1,81;00:03:32;30,67
8;00:43:50;"Долгота=39° 00' 11.78"" Широта=45° 15' 07.51""";00:44:03;"Долгота=39° 00' 12.81"" Широта=45° 15' 04.66""";0,09;00:00:13;0,00
9;00:45:58;"Долгота=39° 00' 12.81"" Широта=45° 15' 04.66""";00:46:50;"Долгота=39° 00' 13.83"" Широта=45° 15' 01.21""";0,11;00:00:52;0,00
10;00:48:34;"Долгота=39° 00' 13.83"" Широта=45° 15' 01.21""";00:49:52;"Долгота=39° 00' 15.92"" Широта=45° 14' 54.95""";0,20;00:01:18;9,18
11;00:51:45;"Долгота=39° 00' 15.92"" Широта=45° 14' 54.95""";00:53:11;"Долгота=39° 00' 17.85"" Широта=45° 14' 49.18""";0,18;00:01:26;7,66
12;00:56:13;"Долгота=39° 00' 17.85"" Широта=45° 14' 49.18""";00:58:15;"Долгота=39° 00' 21.57"" Широта=45° 14' 39.88""";0,30;00:02:02;8,79
13;00:59:16;"Долгота=39° 00' 21.57"" Широта=45° 14' 39.88""";00:59:28;"Долгота=39° 00' 22.11"" Широта=45° 14' 37.62""";0,07;00:00:12;0,00
14;01:01:16;"Долгота=39° 00' 22.11"" Широта=45° 14' 37.62""";01:08:48;"Долгота=38° 57' 09.71"" Широта=45° 13' 58.98""";4,40;00:07:32;35,06
15;01:13:52;"Долгота=38° 57' 09.71"" Широта=45° 13' 58.98""";01:15:52;"Долгота=38° 57' 15.70"" Широта=45° 13' 57.75""";0,14;00:02:00;4,08
16;01:22:41;"Долгота=38° 57' 15.70"" Широта=45° 13' 57.75""";01:50:14;"Долгота=39° 11' 06.97"" Широта=45° 13' 58.12""";19,51;00:27:33;42,48
17;01:55:37;"Долгота=39° 11' 06.97"" Широта=45° 13' 58.12""";02:00:54;"Долгота=39° 11' 31.34"" Широта=45° 15' 02.46""";2,87;00:05:17;32,62
18;02:02:21;"Долгота=39° 11' 31.34"" Широта=45° 15' 02.46""";02:04:34;"Долгота=39° 11' 03.86"" Широта=45° 14' 59.88""";0,60;00:02:13;16,35
19;02:15:29;"Долгота=39° 11' 03.86"" Широта=45° 14' 59.88""";02:16:57;"Долгота=39° 10' 53.48"" Широта=45° 14' 56.90""";0,25;00:01:28;10,19
20;02:22:04;"Долгота=39° 10' 53.48"" Широта=45° 14' 56.90""";02:44:52;"Долгота=39° 00' 44.27"" Широта=45° 14' 16.77""";17,79;00:22:48;46,81
21;02:53:41;"Долгота=39° 00' 44.27"" Широта=45° 14' 16.77""";03:00:30;"Долгота=39° 00' 30.50"" Широта=45° 15' 13.46""";2,72;00:06:49;23,91
22;03:17:59;"Долгота=39° 00' 30.50"" Широта=45° 15' 13.46""";03:19:23;"Долгота=39° 00' 25.80"" Широта=45° 15' 05.95""";0,26;00:01:24;11,27
23;03:23:43;"Долгота=39° 00' 25.80"" Широта=45° 15' 05.95""";03:38:16;"Долгота=38° 59' 00.00"" Широта=45° 14' 37.51""";6,26;00:14:33;25,82
24;03:56:16;"Долгота=38° 59' 00.00"" Широта=45° 14' 37.51""";04:00:16;"Долгота=38° 59' 00.18"" Широта=45° 14' 37.18""";0,00;00:04:00;0,00
25;04:23:51;"Долгота=38° 59' 00.18"" Широта=45° 14' 37.18""";04:27:43;Хоз двор. Место где находится гараж.;1,51;00:03:52;23,35
26;04:39:17;Хоз двор. Место где находится гараж.;04:47:01;"Долгота=39° 00' 23.21"" Широта=45° 14' 33.51""";2,82;00:07:44;21,87
27;04:52:23;"Долгота=39° 00' 23.21"" Широта=45° 14' 33.51""";04:52:35;"Долгота=39° 00' 23.70"" Широта=45° 14' 29.29""";0,13;00:00:12;0,00
28;04:55:01;"Долгота=39° 00' 23.70"" Широта=45° 14' 29.29""";04:55:20;"Долгота=39° 00' 24.72"" Широта=45° 14' 24.61""";0,15;00:00:19;0,00
29;04:56:29;"Долгота=39° 00' 24.72"" Широта=45° 14' 24.61""";04:56:32;"Долгота=39° 00' 24.91"" Широта=45° 14' 22.50""";0,07;00:00:03;0,00
30;05:00:11;"Долгота=39° 00' 24.91"" Широта=45° 14' 22.50""";05:00:23;"Долгота=39° 00' 25.14"" Широта=45° 14' 19.14""";0,10;00:00:12;0,00
31;05:02:31;"Долгота=39° 00' 25.14"" Широта=45° 14' 19.14""";05:03:30;"Долгота=39° 00' 25.97"" Широта=45° 14' 12.11""";0,22;00:00:59;0,00
32;05:07:48;"Долгота=39° 00' 25.97"" Широта=45° 14' 12.11""";05:07:54;"Долгота=39° 00' 26.52"" Широта=45° 14' 09.87""";0,07;00:00:06;0,00
33;05:09:10;"Долгота=39° 00' 26.52"" Широта=45° 14' 09.87""";05:11:07;"Долгота=39° 00' 33.27"" Широта=45° 14' 04.20""";0,26;00:01:57;7,97
34;05:12:42;"Долгота=39° 00' 33.27"" Широта=45° 14' 04.20""";05:13:36;"Долгота=39° 00' 26.16"" Широта=45° 14' 07.66""";0,20;00:00:54;0,00
35;05:28:49;"Долгота=39° 00' 26.16"" Широта=45° 14' 07.66""";05:29:19;Точка №1 ул. Набережная.;0,08;00:00:30;0,00
36;05:37:57;Точка №1 ул. Набережная.;05:42:14;"Долгота=39° 00' 20.17"" Широта=45° 14' 42.00""";1,24;00:04:17;17,31
37;05:49:46;"Долгота=39° 00' 20.17"" Широта=45° 14' 42.00""";05:52:23;"Долгота=39° 00' 16.60"" Широта=45° 14' 53.53""";0,37;00:02:37;8,37
38;05:55:17;"Долгота=39° 00' 16.60"" Широта=45° 14' 53.53""";05:55:54;Точка №2 ул.Привокзальная.;0,12;00:00:37;0,00
39;06:07:52;Точка №2 ул.Привокзальная.;06:08:46;"Долгота=39° 00' 12.63"" Широта=45° 15' 05.07""";0,24;00:00:54;0,00
40;06:14:36;"Долгота=39° 00' 12.63"" Широта=45° 15' 05.07""";06:14:52;"Долгота=39° 00' 11.60"" Широта=45° 15' 07.94""";0,09;00:00:16;0,00
41;06:18:30;"Долгота=39° 00' 11.60"" Широта=45° 15' 07.94""";06:27:46;"Долгота=38° 58' 44.54"" Широта=45° 14' 14.21""";3,81;00:09:16;24,69
42;06:35:47;"Долгота=38° 58' 44.54"" Широта=45° 14' 14.21""";06:40:41;"Долгота=38° 59' 14.01"" Широта=45° 13' 31.07""";1,51;00:04:54;18,45
43;06:41:59;"Долгота=38° 59' 14.01"" Широта=45° 13' 31.07""";06:43:21;"Долгота=38° 59' 21.82"" Широта=45° 13' 31.97""";0,17;00:01:22;7,55
44;06:46:28;"Долгота=38° 59' 21.82"" Широта=45° 13' 31.97""";06:46:48;"Долгота=38° 59' 26.97"" Широта=45° 13' 32.51""";0,11;00:00:20;0,00
45;06:49:47;"Долгота=38° 59' 26.97"" Широта=45° 13' 32.51""";06:51:47;"Долгота=38° 59' 32.52"" Широта=45° 13' 33.33""";0,12;00:02:00;3,72
46;06:53:21;"Долгота=38° 59' 32.52"" Широта=45° 13' 33.33""";06:53:25;"Долгота=38° 59' 35.10"" Широта=45° 13' 33.85""";0,06;00:00:04;0,00
47;06:56:13;"Долгота=38° 59' 35.10"" Широта=45° 13' 33.85""";06:58:19;"Долгота=38° 59' 45.35"" Широта=45° 13' 35.23""";0,23;00:02:06;6,49
48;07:01:56;"Долгота=38° 59' 45.35"" Широта=45° 13' 35.23""";07:43:46;"Долгота=39° 11' 31.14"" Широта=45° 15' 02.18""";34,37;00:41:50;49,29
49;07:46:09;"Долгота=39° 11' 31.14"" Широта=45° 15' 02.18""";07:48:07;"Долгота=39° 11' 03.85"" Широта=45° 14' 59.78""";0,60;00:01:58;18,34
50;07:50:24;"Долгота=39° 11' 03.85"" Широта=45° 14' 59.78""";07:51:08;"Долгота=39° 10' 55.28"" Широта=45° 14' 57.03""";0,21;00:00:44;0,00
51;07:56:44;"Долгота=39° 10' 55.28"" Широта=45° 14' 57.03""";07:57:44;Точка №3 тупичёк за озером.;0,18;00:01:00;10,86
52;08:16:48;Точка №3 тупичёк за озером.;08:44:10;Хоз двор. Место где находится гараж.;21,33;00:27:22;46,77
53;09:13:54;Хоз двор. Место где находится гараж.;09:18:20;"Долгота=38° 59' 07.51"" Широта=45° 14' 20.08""";0,90;00:04:26;12,23
54;09:25:12;"Долгота=38° 59' 07.51"" Широта=45° 14' 20.08""";09:25:58;"Долгота=38° 59' 05.03"" Широта=45° 14' 25.68""";0,18;00:00:46;0,00
55;09:37:42;"Долгота=38° 59' 05.03"" Широта=45° 14' 25.68""";09:39:03;"Долгота=38° 59' 01.79"" Широта=45° 14' 33.70""";0,26;00:01:21;11,47
56;09:43:37;"Долгота=38° 59' 01.79"" Широта=45° 14' 33.70""";09:44:03;"Долгота=38° 58' 59.88"" Широта=45° 14' 37.66""";0,13;00:00:26;0,00
57;10:13:53;"Долгота=38° 58' 59.88"" Широта=45° 14' 37.66""";10:14:48;"Долгота=38° 58' 58.83"" Широта=45° 14' 42.06""";0,14;00:00:55;0,00
58;10:18:10;"Долгота=38° 58' 58.83"" Широта=45° 14' 42.06""";10:18:14;"Долгота=38° 58' 58.38"" Широта=45° 14' 44.26""";0,07;00:00:04;0,00
59;10:19:37;"Долгота=38° 58' 58.38"" Широта=45° 14' 44.26""";10:19:40;"Долгота=38° 58' 58.16"" Широта=45° 14' 45.02""";0,02;00:00:03;0,00
60;10:24:44;"Долгота=38° 58' 58.16"" Широта=45° 14' 45.02""";10:24:58;"Долгота=38° 58' 57.42"" Широта=45° 14' 48.20""";0,10;00:00:14;0,00
61;10:30:03;"Долгота=38° 58' 57.42"" Широта=45° 14' 48.20""";10:30:50;"Долгота=38° 58' 56.06"" Широта=45° 14' 53.24""";0,16;00:00:47;0,00
62;10:32:54;"Долгота=38° 58' 56.06"" Широта=45° 14' 53.24""";10:33:01;"Долгота=38° 58' 55.59"" Широта=45° 14' 55.14""";0,06;00:00:07;0,00
63;10:35:42;"Долгота=38° 58' 55.59"" Широта=45° 14' 55.14""";10:39:14;"Долгота=39° 00' 11.78"" Широта=45° 15' 07.51""";1,81;00:03:32;30,67
64;10:40:40;"Долгота=39° 00' 11.78"" Широта=45° 15' 07.51""";10:40:53;"Долгота=39° 00' 12.81"" Широта=45° 15' 04.66""";0,09;00:00:13;0,00
65;10:42:48;"Долгота=39° 00' 12.81"" Широта=45° 15' 04.66""";10:43:40;"Долгота=39° 00' 13.83"" Широта=45° 15' 01.21""";0,11;00:00:52;0,00
66;10:45:24;"Долгота=39° 00' 13.83"" Широта=45° 15' 01.21""";10:46:42;"Долгота=39° 00' 15.92"" Широта=45° 14' 54.95""";0,20;00:01:18;9,18
67;10:48:35;"Долгота=39° 00' 15.92"" Широта=45° 14' 54.95""";10:50:01;"Долгота=39° 00' 17.85"" Широта=45° 14' 49.18""";0,18;00:01:26;7,66
68;10:53:03;"Долгота=39° 00' 17.85"" Широта=45° 14' 49.18""";10:55:05;"Долгота=39° 00' 21.57"" Широта=45° 14' 39.88""";0,30;00:02:02;8,79
69;10:56:06;"Долгота=39° 00' 21.57"" Широта=45° 14' 39.88""";10:56:18;"Долгота=39° 00' 22.11"" Широта=45° 14' 37.62""";0,07;00:00:12;0,00
70;10:58:06;"Долгота=39° 00' 22.11"" Широта=45° 14' 37.62""";11:05:38;"Долгота=38° 57' 09.71"" Широта=45° 13' 58.98""";4,40;00:07:32;35,06
71;11:10:42;"Долгота=38° 57' 09.71"" Широта=45° 13' 58.98""";11:12:42;"Долгота=38° 57' 15.70"" Широта=45° 13' 57.75""";0,14;00:02:00;4,08
72;11:19:31;"Долгота=38° 57' 15.70"" Широта=45° 13' 57.75""";11:47:04;"Долгота=39° 11' 06.97"" Широта=45° 13' 58.12""";19,51;00:27:33;42,48
73;11:52:27;"Долгота=39° 11' 06.97"" Широта=45° 13' 58.12""";11:57:44;"Долгота=39° 11' 31.34"" Широта=45° 15' 02.46""";2,87;00:05:17;32,62
74;11:59:11;"Долгота=39° 11' 31.34"" Широта=45° 15' 02.46""";12:01:24;"Долгота=39° 11' 03.86"" Широта=45° 14' 59.88""";0,60;00:02:13;16,35
75;12:12:19;"Долгота=39° 11' 03.86"" Широта=45° 14' 59.88""";12:13:47;"Долгота=39° 10' 53.48"" Широта=45° 14' 56.90""";0,25;00:01:28;10,19
76;12:18:54;"Долгота=39° 10' 53.48"" Широта=45° 14' 56.90""";12:41:42;"Долгота=39° 00' 44.27"" Широта=45° 14' 16.77""";17,79;00:22:48;46,81
77;12:50:31;"Долгота=39° 00' 44.27"" Широта=45° 14' 16.77""";12:57:20;"Долгота=39° 00' 30.50"" Широта=45° 15' 13.46""";2,72;00:06:49;23,91
78;13:14:49;"Долгота=39° 00' 30.50"" Широта=45° 15' 13.46""";13:16:13;"Долгота=39° 00' 25.80"" Широта=45° 15' 05.95""";0,26;00:01:24;11,27
79;13:20:33;"Долгота=39° 00' 25.80"" Широта=45° 15' 05.95""";13:35:06;"Долгота=38° 59' 00.00"" Широта=45° 14' 37.51""";6,26;00:14:33;25,82
80;14:20:41;"Долгота=38° 59' 00.00"" Широта=45° 14' 37.51""";14:24:33;Хоз двор. Место где находится гараж.;1,52;00:03:52;23,52
81;14:36:07;Хоз двор. Место где находится гараж.;14:43:51;"Долгота=39° 00' 23.21"" Широта=45° 14' 33.51""";2,82;00:07:44;21,87
82;14:49:13;"Долгота=39° 00' 23.21"" Широта=45° 14' 33.51""";14:49:25;"Долгота=39° 00' 23.70"" Широта=45° 14' 29.29""";0,13;00:00:12;0,00
83;14:51:51;"Долгота=39° 00' 23.70"" Широта=45° 14' 29.29""";14:52:10;"Долгота=39° 00' 24.72"" Широта=45° 14' 24.61""";0,15;00:00:19;0,00
84;14:53:19;"Долгота=39° 00' 24.72"" Широта=45° 14' 24.61""";14:53:22;"Долгота=39° 00' 24.91"" Широта=45° 14' 22.50""";0,07;00:00:03;0,00
85;14:57:01;"Долгота=39° 00' 24.91"" Широта=45° 14' 22.50""";14:57:13;"Долгота=39° 00' 25.14"" Широта=45° 14' 19.14""";0,10;00:00:12;0,00
86;14:59:21;"Долгота=39° 00' 25.14"" Широта=45° 14' 19.14""";15:00:20;"Долгота=39° 00' 25.97"" Широта=45° 14' 12.11""";0,22;00:00:59;0,00
87;15:04:38;"Долгота=39° 00' 25.97"" Широта=45° 14' 12.11""";15:04:44;"Долгота=39° 00' 26.52"" Широта=45° 14' 09.87""";0,07;00:00:06;0,00
88;15:06:00;"Долгота=39° 00' 26.52"" Широта=45° 14' 09.87""";15:07:57;"Долгота=39° 00' 33.27"" Широта=45° 14' 04.20""";0,26;00:01:57;7,97
89;15:09:32;"Долгота=39° 00' 33.27"" Широта=45° 14' 04.20""";15:10:26;"Долгота=39° 00' 26.16"" Широта=45° 14' 07.66""";0,20;00:00:54;0,00
90;15:25:39;"Долгота=39° 00' 26.16"" Широта=45° 14' 07.66""";15:26:09;Точка №1 ул. Набережная.;0,08;00:00:30;0,00
91;15:34:47;Точка №1 ул. Набережная.;15:39:04;"Долгота=39° 00' 20.17"" Широта=45° 14' 42.00""";1,24;00:04:17;17,31
92;15:46:36;"Долгота=39° 00' 20.17"" Широта=45° 14' 42.00""";15:49:13;"Долгота=39° 00' 16.60"" Широта=45° 14' 53.53""";0,37;00:02:37;8,37
93;15:52:07;"Долгота=39° 00' 16.60"" Широта=45° 14' 53.53""";15:52:44;Точка №2 ул.Привокзальная.;0,12;00:00:37;0,00
94;16:04:42;Точка №2 ул.Привокзальная.;16:05:36;"Долгота=39° 00' 12.63"" Широта=45° 15' 05.07""";0,24;00:00:54;0,00
95;16:11:26;"Долгота=39° 00' 12.63"" Широта=45° 15' 05.07""";16:11:42;"Долгота=39° 00' 11.60"" Широта=45° 15' 07.94""";0,09;00:00:16;0,00
96;16:15:20;"Долгота=39° 00' 11.60"" Широта=45° 15' 07.94""";16:24:24;"Долгота=38° 58' 44.54"" Широта=45° 14' 14.21""";3,81;00:09:04;25,24
97;16:32:37;"Долгота=38° 58' 44.54"" Широта=45° 14' 14.21""";16:37:31;"Долгота=38° 59' 14.01"" Широта=45° 13' 31.07""";1,51;00:04:54;18,50
98;16:38:49;"Долгота=38° 59' 14.01"" Широта=45° 13' 31.07""";16:40:07;"Долгота=38° 59' 21.82"" Широта=45° 13' 31.97""";0,17;00:01:18;7,94
99;16:43:18;"Долгота=38° 59' 21.82"" Широта=45° 13' 31.97""";16:43:38;"Долгота=38° 59' 26.97"" Широта=45° 13' 32.51""";0,11;00:00:20;0,00
100;16:46:37;"Долгота=38° 59' 26.97"" Широта=45° 13' 32.51""";16:48:37;"Долгота=38° 59' 32.52"" Широта=45° 13' 33.33""";0,12;00:02:00;3,72
101;16:50:11;"Долгота=38° 59' 32.52"" Широта=45° 13' 33.33""";16:50:15;"Долгота=38° 59' 35.10"" Широта=45° 13' 33.85""";0,06;00:00:04;0,00
102;16:53:03;"Долгота=38° 59' 35.10"" Широта=45° 13' 33.85""";16:55:09;"Долгота=38° 59' 45.35"" Широта=45° 13' 35.23""";0,23;00:02:06;6,49
103;16:58:46;"Долгота=38° 59' 45.35"" Широта=45° 13' 35.23""";17:40:36;"Долгота=39° 11' 31.14"" Широта=45° 15' 02.18""";34,37;00:41:50;49,29
104;17:42:59;"Долгота=39° 11' 31.14"" Широта=45° 15' 02.18""";17:44:57;"Долгота=39° 11' 03.85"" Широта=45° 14' 59.78""";0,60;00:01:58;18,34
105;17:47:14;"Долгота=39° 11' 03.85"" Широта=45° 14' 59.78""";17:47:58;"Долгота=39° 10' 55.28"" Широта=45° 14' 57.03""";0,21;00:00:44;0,00
106;17:53:34;"Долгота=39° 10' 55.28"" Широта=45° 14' 57.03""";17:54:34;Точка №3 тупичёк за озером.;0,18;00:01:00;10,86
107;18:13:38;Точка №3 тупичёк за озером.;18:41:00;Хоз двор. Место где находится гараж.;21,33;00:27:22;46,77
108;19:10:44;Хоз двор. Место где находится гараж.;19:15:10;"Долгота=38° 59' 07.51"" Широта=45° 14' 20.08""";0,90;00:04:26;12,23
109;19:22:02;"Долгота=38° 59' 07.51"" Широта=45° 14' 20.08""";19:22:48;"Долгота=38° 59' 05.03"" Широта=45° 14' 25.68""";0,18;00:00:46;0,00
110;19:34:32;"Долгота=38° 59' 05.03"" Широта=45° 14' 25.68""";19:35:53;"Долгота=38° 59' 01.79"" Широта=45° 14' 33.70""";0,26;00:01:21;11,47
111;19:40:27;"Долгота=38° 59' 01.79"" Широта=45° 14' 33.70""";19:40:53;"Долгота=38° 58' 59.88"" Широта=45° 14' 37.66""";0,13;00:00:26;0,00
112;20:10:43;"Долгота=38° 58' 59.88"" Широта=45° 14' 37.66""";20:11:38;"Долгота=38° 58' 58.83"" Широта=45° 14' 42.06""";0,14;00:00:55;0,00
113;20:15:00;"Долгота=38° 58' 58.83"" Широта=45° 14' 42.06""";20:15:04;"Долгота=38° 58' 58.38"" Широта=45° 14' 44.26""";0,07;00:00:04;0,00
114;20:16:27;"Долгота=38° 58' 58.38"" Широта=45° 14' 44.26""";20:16:30;"Долгота=38° 58' 58.16"" Широта=45° 14' 45.02""";0,02;00:00:03;0,00
115;20:21:34;"Долгота=38° 58' 58.16"" Широта=45° 14' 45.02""";20:21:48;"Долгота=38° 58' 57.42"" Широта=45° 14' 48.20""";0,10;00:00:14;0,00
116;20:26:53;"Долгота=38° 58' 57.42"" Широта=45° 14' 48.20""";20:27:40;"Долгота=38° 58' 56.06"" Широта=45° 14' 53.24""";0,16;00:00:47;0,00
117;20:29:44;"Долгота=38° 58' 56.06"" Широта=45° 14' 53.24""";20:29:51;"Долгота=38° 58' 55.59"" Широта=45° 14' 55.14""";0,06;00:00:07;0,00
118;20:32:32;"Долгота=38° 58' 55.59"" Широта=45° 14' 55.14""";20:36:04;"Долгота=39° 00' 11.78"" Широта=45° 15' 07.51""";1,81;00:03:32;30,67
119;20:37:30;"Долгота=39° 00' 11.78"" Широта=45° 15' 07.51""";20:37:43;"Долгота=39° 00' 12.81"" Широта=45° 15' 04.66""";0,09;00:00:13;0,00
120;20:39:38;"Долгота=39° 00' 12.81"" Широта=45° 15' 04.66""";20:40:30;"Долгота=39° 00' 13.83"" Широта=45° 15' 01.21""";0,11;00:00:52;0,00
121;20:42:14;"Долгота=39° 00' 13.83"" Широта=45° 15' 01.21""";20:43:32;"Долгота=39° 00' 15.92"" Широта=45° 14' 54.95""";0,20;00:01:18;9,18
122;20:45:25;"Долгота=39° 00' 15.92"" Широта=45° 14' 54.95""";20:46:51;"Долгота=39° 00' 17.85"" Широта=45° 14' 49.18""";0,18;00:01:26;7,66
123;20:49:53;"Долгота=39° 00' 17.85"" Широта=45° 14' 49.18""";20:51:55;"Долгота=39° 00' 21.57"" Широта=45° 14' 39.88""";0,30;00:02:02;8,79
124;20:52:56;"Долгота=39° 00' 21.57"" Широта=45° 14' 39.88""";20:53:08;"Долгота=39° 00' 22.11"" Широта=45° 14' 37.62""";0,07;00:00:12;0,00
125;20:54:56;"Долгота=39° 00' 22.11"" Широта=45° 14' 37.62""";21:02:28;"Долгота=38° 57' 09.71"" Широта=45° 13' 58.98""";4,40;00:07:32;35,06
126;21:07:32;"Долгота=38° 57' 09.71"" Широта=45° 13' 58.98""";21:09:32;"Долгота=38° 57' 15.70"" Широта=45° 13' 57.75""";0,14;00:02:00;4,08
127;21:16:21;"Долгота=38° 57' 15.70"" Широта=45° 13' 57.75""";21:43:54;"Долгота=39° 11' 06.97"" Широта=45° 13' 58.12""";19,51;00:27:33;42,48
128;21:49:17;"Долгота=39° 11' 06.97"" Широта=45° 13' 58.12""";21:54:34;"Долгота=39° 11' 31.34"" Широта=45° 15' 02.46""";2,87;00:05:17;32,62
129;21:56:01;"Долгота=39° 11' 31.34"" Широта=45° 15' 02.46""";21:58:14;"Долгота=39° 11' 03.86"" Широта=45° 14' 59.88""";0,60;00:02:13;16,35
130;22:09:09;"Долгота=39° 11' 03.86"" Широта=45° 14' 59.88""";22:10:37;"Долгота=39° 10' 53.48"" Широта=45° 14' 56.90""";0,25;00:01:28;10,19
131;22:15:44;"Долгота=39° 10' 53.48"" Широта=45° 14' 56.90""";22:38:32;"Долгота=39° 00' 44.27"" Широта=45° 14' 16.77""";17,79;00:22:48;46,81
132;22:47:21;"Долгота=39° 00' 44.27"" Широта=45° 14' 16.77""";22:54:10;"Долгота=39° 00' 30.50"" Широта=45° 15' 13.46""";2,72;00:06:49;23,91
133;23:11:39;"Долгота=39° 00' 30.50"" Широта=45° 15' 13.46""";23:13:03;"Долгота=39° 00' 25.80"" Широта=45° 15' 05.95""";0,26;00:01:24;11,27
134;23:17:23;"Долгота=39° 00' 25.80"" Широта=45° 15' 05.95""";23:31:56;"Долгота=38° 59' 00.00"" Широта=45° 14' 37.51""";6,26;00:14:33;25,82
1;00:17:31;"Долгота=38° 59' 03.05"" Широта=45° 14' 30.17""";00:21:23;Хоз двор. Место где находится гараж.;1,52;00:03:52;23,52
2;00:32:57;Хоз двор. Место где находится гараж.;00:40:41;"Долгота=39° 00' 23.21"" Широта=45° 14' 33.51""";2,82;00:07:44;21,87
3;00:46:03;"Долгота=39° 00' 23.21"" Широта=45° 14' 33.51""";00:46:15;"Долгота=39° 00' 23.70"" Широта=45° 14' 29.29""";0,13;00:00:12;0,00
4;00:48:41;"Долгота=39° 00' 23.70"" Широта=45° 14' 29.29""";00:49:00;"Долгота=39° 00' 24.72"" Широта=45° 14' 24.61""";0,15;00:00:19;0,00
5;00:50:09;"Долгота=39° 00' 24.72"" Широта=45° 14' 24.61""";00:50:12;"Долгота=39° 00' 24.91"" Широта=45° 14' 22.50""";0,07;00:00:03;0,00
6;00:53:51;"Долгота=39° 00' 24.91"" Широта=45° 14' 22.50""";00:54:03;"Долгота=39° 00' 25.14"" Широта=45° 14' 19.14""";0,10;00:00:12;0,00
7;00:56:11;"Долгота=39° 00' 25.14"" Широта=45° 14' 19.14""";00:57:10;"Долгота=39° 00' 25.97"" Широта=45° 14' 12.11""";0,22;00:00:59;0,00
8;01:01:28;"Долгота=39° 00' 25.97"" Широта=45° 14' 12.11""";01:01:34;"Долгота=39° 00' 26.52"" Широта=45° 14' 09.87""";0,07;00:00:06;0,00
9;01:02:50;"Долгота=39° 00' 26.52"" Широта=45° 14' 09.87""";01:04:47;"Долгота=39° 00' 33.27"" Широта=45° 14' 04.20""";0,26;00:01:57;7,97
10;01:06:22;"Долгота=39° 00' 33.27"" Широта=45° 14' 04.20""";01:07:16;"Долгота=39° 00' 26.16"" Широта=45° 14' 07.66""";0,20;00:00:54;0,00
11;01:22:29;"Долгота=39° 00' 26.16"" Широта=45° 14' 07.66""";01:22:59;Точка №1 ул. Набережная.;0,08;00:00:30;0,00
12;01:31:37;Точка №1 ул. Набережная.;01:35:54;"Долгота=39° 00' 20.17"" Широта=45° 14' 42.00""";1,24;00:04:17;17,31
13;01:43:26;"Долгота=39° 00' 20.17"" Широта=45° 14' 42.00""";01:46:03;"Долгота=39° 00' 16.60"" Широта=45° 14' 53.53""";0,37;00:02:37;8,37
14;01:48:57;"Долгота=39° 00' 16.60"" Широта=45° 14' 53.53""";01:49:34;Точка №2 ул.Привокзальная.;0,12;00:00:37;0,00
15;02:01:32;Точка №2 ул.Привокзальная.;02:02:26;"Долгота=39° 00' 12.63"" Широта=45° 15' 05.07""";0,24;00:00:54;0,00
16;02:08:16;"Долгота=39° 00' 12.63"" Широта=45° 15' 05.07""";02:08:32;"Долгота=39° 00' 11.60"" Широта=45° 15' 07.94""";0,09;00:00:16;0,00
17;02:12:10;"Долгота=39° 00' 11.60"" Широта=45° 15' 07.94""";02:21:14;"Долгота=38° 58' 44.54"" Широта=45° 14' 14.21""";3,81;00:09:04;25,24
18;02:29:27;"Долгота=38° 58' 44.54"" Широта=45° 14' 14.21""";02:34:21;"Долгота=38° 59' 14.01"" Широта=45° 13' 31.07""";1,51;00:04:54;18,50
19;02:35:39;"Долгота=38° 59' 14.01"" Широта=45° 13' 31.07""";02:36:57;"Долгота=38° 59' 21.82"" Широта=45° 13' 31.97""";0,17;00:01:18;7,94
20;02:40:08;"Долгота=38° 59' 21.82"" Широта=45° 13' 31.97""";02:40:28;"Долгота=38° 59' 26.97"" Широта=45° 13' 32.51""";0,11;00:00:20;0,00
21;02:43:27;"Долгота=38° 59' 26.97"" Широта=45° 13' 32.51""";02:45:27;"Долгота=38° 59' 32.52"" Широта=45° 13' 33.33""";0,12;00:02:00;3,72
22;02:47:01;"Долгота=38° 59' 32.52"" Широта=45° 13' 33.33""";02:47:05;"Долгота=38° 59' 35.10"" Широта=45° 13' 33.85""";0,06;00:00:04;0,00
23;02:49:53;"Долгота=38° 59' 35.10"" Широта=45° 13' 33.85""";02:51:59;"Долгота=38° 59' 45.35"" Широта=45° 13' 35.23""";0,23;00:02:06;6,49
24;02:55:36;"Долгота=38° 59' 45.35"" Широта=45° 13' 35.23""";03:37:26;"Долгота=39° 11' 31.14"" Широта=45° 15' 02.18""";34,37;00:41:50;49,29
25;03:39:49;"Долгота=39° 11' 31.14"" Широта=45° 15' 02.18""";03:41:47;"Долгота=39° 11' 03.85"" Широта=45° 14' 59.78""";0,60;00:01:58;18,34
26;03:44:04;"Долгота=39° 11' 03.85"" Широта=45° 14' 59.78""";03:44:48;"Долгота=39° 10' 55.28"" Широта=45° 14' 57.03""";0,21;00:00:44;0,00
27;03:50:24;"Долгота=39° 10' 55.28"" Широта=45° 14' 57.03""";03:51:24;Точка №3 тупичёк за озером.;0,18;00:01:00;10,86
28;03:55:24;Точка №3 тупичёк за озером.;04:01:24;Точка №3 тупичёк за озером.;0,00;00:06:00;0,00
29;04:10:28;Точка №3 тупичёк за озером.;04:37:50;Хоз двор. Место где находится гараж.;21,33;00:27:22;46,76
30;05:07:34;Хоз двор. Место где находится гараж.;05:12:00;"Долгота=38° 59' 07.51"" Широта=45° 14' 20.08""";0,90;00:04:26;12,23
31;05:18:52;"Долгота=38° 59' 07.51"" Широта=45° 14' 20.08""";05:19:38;"Долгота=38° 59' 05.03"" Широта=45° 14' 25.68""";0,18;00:00:46;0,00
32;05:31:22;"Долгота=38° 59' 05.03"" Широта=45° 14' 25.68""";05:32:43;"Долгота=38° 59' 01.79"" Широта=45° 14' 33.70""";0,26;00:01:21;11,47
33;05:37:17;"Долгота=38° 59' 01.79"" Широта=45° 14' 33.70""";05:37:43;"Долгота=38° 58' 59.88"" Широта=45° 14' 37.66""";0,13;00:00:26;0,00
34;06:07:33;"Долгота=38° 58' 59.88"" Широта=45° 14' 37.66""";06:08:28;"Долгота=38° 58' 58.83"" Широта=45° 14' 42.06""";0,14;00:00:55;0,00
35;06:11:50;"Долгота=38° 58' 58.83"" Широта=45° 14' 42.06""";06:11:54;"Долгота=38° 58' 58.38"" Широта=45° 14' 44.26""";0,07;00:00:04;0,00
36;06:13:17;"Долгота=38° 58' 58.38"" Широта=45° 14' 44.26""";06:13:20;"Долгота=38° 58' 58.16"" Широта=45° 14' 45.02""";0,02;00:00:03;0,00
37;06:18:24;"Долгота=38° 58' 58.16"" Широта=45° 14' 45.02""";06:18:38;"Долгота=38° 58' 57.42"" Широта=45° 14' 48.20""";0,10;00:00:14;0,00
38;06:23:43;"Долгота=38° 58' 57.42"" Широта=45° 14' 48.20""";06:24:30;"Долгота=38° 58' 56.06"" Широта=45° 14' 53.24""";0,16;00:00:47;0,00
39;06:26:34;"Долгота=38° 58' 56.06"" Широта=45° 14' 53.24""";06:26:41;"Долгота=38° 58' 55.59"" Широта=45° 14' 55.14""";0,06;00:00:07;0,00
40;06:29:22;"Долгота=38° 58' 55.59"" Широта=45° 14' 55.14""";06:32:54;"Долгота=39° 00' 11.78"" Широта=45° 15' 07.51""";1,81;00:03:32;30,67
41;06:34:20;"Долгота=39° 00' 11.78"" Широта=45° 15' 07.51""";06:34:33;"Долгота=39° 00' 12.81"" Широта=45° 15' 04.66""";0,09;00:00:13;0,00
42;06:36:28;"Долгота=39° 00' 12.81"" Широта=45° 15' 04.66""";06:37:20;"Долгота=39° 00' 13.83"" Широта=45° 15' 01.21""";0,11;00:00:52;0,00
43;06:39:04;"Долгота=39° 00' 13.83"" Широта=45° 15' 01.21""";06:40:22;"Долгота=39° 00' 15.92"" Широта=45° 14' 54.95""";0,20;00:01:18;9,18
44;06:42:15;"Долгота=39° 00' 15.92"" Широта=45° 14' 54.95""";06:43:41;"Долгота=39° 00' 17.85"" Широта=45° 14' 49.18""";0,18;00:01:26;7,66
45;06:46:43;"Долгота=39° 00' 17.85"" Широта=45° 14' 49.18""";06:48:45;"Долгота=39° 00' 21.57"" Широта=45° 14' 39.88""";0,30;00:02:02;8,79
46;06:49:46;"Долгота=39° 00' 21.57"" Широта=45° 14' 39.88""";06:49:58;"Долгота=39° 00' 22.11"" Широта=45° 14' 37.62""";0,07;00:00:12;0,00
47;06:51:46;"Долгота=39° 00' 22.11"" Широта=45° 14' 37.62""";06:59:18;"Долгота=38° 57' 09.71"" Широта=45° 13' 58.98""";4,40;00:07:32;35,06
48;07:04:22;"Долгота=38° 57' 09.71"" Широта=45° 13' 58.98""";07:06:22;"Долгота=38° 57' 15.70"" Широта=45° 13' 57.75""";0,14;00:02:00;4,08
49;07:13:11;"Долгота=38° 57' 15.70"" Широта=45° 13' 57.75""";07:40:44;"Долгота=39° 11' 06.97"" Широта=45° 13' 58.12""";19,51;00:27:33;42,48
50;07:46:07;"Долгота=39° 11' 06.97"" Широта=45° 13' 58.12""";07:51:24;"Долгота=39° 11' 31.34"" Широта=45° 15' 02.46""";2,87;00:05:17;32,62
51;07:52:51;"Долгота=39° 11' 31.34"" Широта=45° 15' 02.46""";07:55:04;"Долгота=39° 11' 03.86"" Широта=45° 14' 59.88""";0,60;00:02:13;16,35
52;08:05:59;"Долгота=39° 11' 03.86"" Широта=45° 14' 59.88""";08:07:27;"Долгота=39° 10' 53.48"" Широта=45° 14' 56.90""";0,25;00:01:28;10,19
53;08:12:34;"Долгота=39° 10' 53.48"" Широта=45° 14' 56.90""";08:35:22;"Долгота=39° 00' 44.27"" Широта=45° 14' 16.77""";17,79;00:22:48;46,81
54;08:44:11;"Долгота=39° 00' 44.27"" Широта=45° 14' 16.77""";08:51:00;"Долгота=39° 00' 30.50"" Широта=45° 15' 13.46""";2,72;00:06:49;23,91
55;09:08:29;"Долгота=39° 00' 30.50"" Широта=45° 15' 13.46""";09:09:53;"Долгота=39° 00' 25.80"" Широта=45° 15' 05.95""";0,26;00:01:24;11,27
56;09:14:13;"Долгота=39° 00' 25.80"" Широта=45° 15' 05.95""";09:28:46;"Долгота=38° 59' 00.00"" Широта=45° 14' 37.51""";6,26;00:14:33;25,82
57;10:14:21;"Долгота=38° 59' 00.00"" Широта=45° 14' 37.51""";10:18:13;Хоз двор. Место где находится гараж.;1,52;00:03:52;23,52
58;10:29:47;Хоз двор. Место где находится гараж.;10:37:31;"Долгота=39° 00' 23.21"" Широта=45° 14' 33.51""";2,82;00:07:44;21,87
59;10:42:53;"Долгота=39° 00' 23.21"" Широта=45° 14' 33.51""";10:43:05;"Долгота=39° 00' 23.70"" Широта=45° 14' 29.29""";0,13;00:00:12;0,00
60;10:45:31;"Долгота=39° 00' 23.70"" Широта=45° 14' 29.29""";10:45:50;"Долгота=39° 00' 24.72"" Широта=45° 14' 24.61""";0,15;00:00:19;0,00
61;10:46:59;"Долгота=39° 00' 24.72"" Широта=45° 14' 24.61""";10:47:02;"Долгота=39° 00' 24.91"" Широта=45° 14' 22.50""";0,07;00:00:03;0,00
62;10:50:41;"Долгота=39° 00' 24.91"" Широта=45° 14' 22.50""";10:50:53;"Долгота=39° 00' 25.14"" Широта=45° 14' 19.14""";0,10;00:00:12;0,00
63;10:53:01;"Долгота=39° 00' 25.14"" Широта=45° 14' 19.14""";10:54:00;"Долгота=39° 00' 25.97"" Широта=45° 14' 12.11""";0,22;00:00:59;0,00
64;10:58:18;"Долгота=39° 00' 25.97"" Широта=45° 14' 12.11""";10:58:24;"Долгота=39° 00' 26.52"" Широта=45° 14' 09.87""";0,07;00:00:06;0,00
65;10:59:40;"Долгота=39° 00' 26.52"" Широта=45° 14' 09.87""";11:01:37;"Долгота=39° 00' 33.27"" Широта=45° 14' 04.20""";0,26;00:01:57;7,97
66;11:03:12;"Долгота=39° 00' 33.27"" Широта=45° 14' 04.20""";11:04:06;"Долгота=39° 00' 26.16"" Широта=45° 14' 07.66""";0,20;00:00:54;0,00
67;11:19:19;"Долгота=39° 00' 26.16"" Широта=45° 14' 07.66""";11:19:49;Точка №1 ул. Набережная.;0,08;00:00:30;0,00
68;11:28:27;Точка №1 ул. Набережная.;11:32:44;"Долгота=39° 00' 20.17"" Широта=45° 14' 42.00""";1,24;00:04:17;17,31
69;11:40:16;"Долгота=39° 00' 20.17"" Широта=45° 14' 42.00""";11:42:53;"Долгота=39° 00' 16.60"" Широта=45° 14' 53.53""";0,37;00:02:37;8,37
70;11:45:47;"Долгота=39° 00' 16.60"" Широта=45° 14' 53.53""";11:46:24;Точка №2 ул.Привокзальная.;0,12;00:00:37;0,00
71;11:58:22;Точка №2 ул.Привокзальная.;11:59:16;"Долгота=39° 00' 12.63"" Широта=45° 15' 05.07""";0,24;00:00:54;0,00
72;12:05:06;"Долгота=39° 00' 12.63"" Широта=45° 15' 05.07""";12:05:22;"Долгота=39° 00' 11.60"" Широта=45° 15' 07.94""";0,09;00:00:16;0,00
73;12:09:00;"Долгота=39° 00' 11.60"" Широта=45° 15' 07.94""";12:18:04;"Долгота=38° 58' 44.54"" Широта=45° 14' 14.21""";3,81;00:09:04;25,24
74;12:26:17;"Долгота=38° 58' 44.54"" Широта=45° 14' 14.21""";12:31:11;"Долгота=38° 59' 14.01"" Широта=45° 13' 31.07""";1,51;00:04:54;18,50
75;12:32:29;"Долгота=38° 59' 14.01"" Широта=45° 13' 31.07""";12:33:47;"Долгота=38° 59' 21.82"" Широта=45° 13' 31.97""";0,17;00:01:18;7,94
76;12:36:58;"Долгота=38° 59' 21.82"" Широта=45° 13' 31.97""";12:37:18;"Долгота=38° 59' 26.97"" Широта=45° 13' 32.51""";0,11;00:00:20;0,00
77;12:40:17;"Долгота=38° 59' 26.97"" Широта=45° 13' 32.51""";12:42:17;"Долгота=38° 59' 32.52"" Широта=45° 13' 33.33""";0,12;00:02:00;3,72
78;12:43:51;"Долгота=38° 59' 32.52"" Широта=45° 13' 33.33""";12:43:55;"Долгота=38° 59' 35.10"" Широта=45° 13' 33.85""";0,06;00:00:04;0,00
79;12:46:43;"Долгота=38° 59' 35.10"" Широта=45° 13' 33.85""";12:48:49;"Долгота=38° 59' 45.35"" Широта=45° 13' 35.23""";0,23;00:02:06;6,49
80;12:52:26;"Долгота=38° 59' 45.35"" Широта=45° 13' 35.23""";13:34:16;"Долгота=39° 11' 31.14"" Широта=45° 15' 02.18""";34,37;00:41:50;49,29
81;13:36:39;"Долгота=39° 11' 31.14"" Широта=45° 15' 02.18""";13:38:37;"Долгота=39° 11' 03.85"" Широта=45° 14' 59.78""";0,60;00:01:58;18,34
82;13:40:54;"Долгота=39° 11' 03.85"" Широта=45° 14' 59.78""";13:41:38;"Долгота=39° 10' 55.28"" Широта=45° 14' 57.03""";0,21;00:00:44;0,00
83;13:47:14;"Долгота=39° 10' 55.28"" Широта=45° 14' 57.03""";13:48:14;Точка №3 тупичёк за озером.;0,18;00:01:00;10,86
84;14:07:18;Точка №3 тупичёк за озером.;14:34:40;Хоз двор. Место где находится гараж.;21,33;00:27:22;46,77
85;15:04:24;Хоз двор. Место где находится гараж.;15:08:50;"Долгота=38° 59' 07.51"" Широта=45° 14' 20.08""";0,90;00:04:26;12,23
86;15:15:42;"Долгота=38° 59' 07.51"" Широта=45° 14' 20.08""";15:16:28;"Долгота=38° 59' 05.03"" Широта=45° 14' 25.68""";0,18;00:00:46;0,00
87;15:28:12;"Долгота=38° 59' 05.03"" Широта=45° 14' 25.68""";15:29:33;"Долгота=38° 59' 01.79"" Широта=45° 14' 33.70""";0,26;00:01:21;11,47
88;15:34:07;"Долгота=38° 59' 01.79"" Широта=45° 14' 33.70""";15:34:33;"Долгота=38° 58' 59.88"" Широта=45° 14' 37.66""";0,13;00:00:26;0,00
89;16:04:23;"Долгота=38° 58' 59.88"" Широта=45° 14' 37.66""";16:05:18;"Долгота=38° 58' 58.83"" Широта=45° 14' 42.06""";0,14;00:00:55;0,00
90;16:08:40;"Долгота=38° 58' 58.83"" Широта=45° 14' 42.06""";16:08:44;"Долгота=38° 58' 58.38"" Широта=45° 14' 44.26""";0,07;00:00:04;0,00
91;16:10:07;"Долгота=38° 58' 58.38"" Широта=45° 14' 44.26""";16:10:10;"Долгота=38° 58' 58.16"" Широта=45° 14' 45.02""";0,02;00:00:03;0,00
92;16:15:14;"Долгота=38° 58' 58.16"" Широта=45° 14' 45.02""";16:15:28;"Долгота=38° 58' 57.42"" Широта=45° 14' 48.20""";0,10;00:00:14;0,00
93;16:20:33;"Долгота=38° 58' 57.42"" Широта=45° 14' 48.20""";16:21:20;"Долгота=38° 58' 56.06"" Широта=45° 14' 53.24""";0,16;00:00:47;0,00
94;16:23:24;"Долгота=38° 58' 56.06"" Широта=45° 14' 53.24""";16:23:31;"Долгота=38° 58' 55.59"" Широта=45° 14' 55.14""";0,06;00:00:07;0,00
95;16:26:12;"Долгота=38° 58' 55.59"" Широта=45° 14' 55.14""";16:29:44;"Долгота=39° 00' 11.78"" Широта=45° 15' 07.51""";1,81;00:03:32;30,67
96;16:31:10;"Долгота=39° 00' 11.78"" Широта=45° 15' 07.51""";16:31:23;"Долгота=39° 00' 12.81"" Широта=45° 15' 04.66""";0,09;00:00:13;0,00
97;16:33:18;"Долгота=39° 00' 12.81"" Широта=45° 15' 04.66""";16:34:10;"Долгота=39° 00' 13.83"" Широта=45° 15' 01.21""";0,11;00:00:52;0,00
98;16:35:54;"Долгота=39° 00' 13.83"" Широта=45° 15' 01.21""";16:37:12;"Долгота=39° 00' 15.92"" Широта=45° 14' 54.95""";0,20;00:01:18;9,18
99;16:39:05;"Долгота=39° 00' 15.92"" Широта=45° 14' 54.95""";16:40:31;"Долгота=39° 00' 17.85"" Широта=45° 14' 49.18""";0,18;00:01:26;7,66
100;16:43:33;"Долгота=39° 00' 17.85"" Широта=45° 14' 49.18""";16:45:35;"Долгота=39° 00' 21.57"" Широта=45° 14' 39.88""";0,30;00:02:02;8,79
101;16:46:36;"Долгота=39° 00' 21.57"" Широта=45° 14' 39.88""";16:46:48;"Долгота=39° 00' 22.11"" Широта=45° 14' 37.62""";0,07;00:00:12;0,00
102;16:48:36;"Долгота=39° 00' 22.11"" Широта=45° 14' 37.62""";16:56:08;"Долгота=38° 57' 09.71"" Широта=45° 13' 58.98""";4,40;00:07:32;35,06
103;17:01:12;"Долгота=38° 57' 09.71"" Широта=45° 13' 58.98""";17:03:12;"Долгота=38° 57' 15.70"" Широта=45° 13' 57.75""";0,14;00:02:00;4,08
104;17:10:01;"Долгота=38° 57' 15.70"" Широта=45° 13' 57.75""";17:37:34;"Долгота=39° 11' 06.97"" Широта=45° 13' 58.12""";19,51;00:27:33;42,48
105;17:42:57;"Долгота=39° 11' 06.97"" Широта=45° 13' 58.12""";17:48:14;"Долгота=39° 11' 31.34"" Широта=45° 15' 02.46""";2,87;00:05:17;32,62
106;17:49:41;"Долгота=39° 11' 31.34"" Широта=45° 15' 02.46""";17:51:54;"Долгота=39° 11' 03.86"" Широта=45° 14' 59.88""";0,60;00:02:13;16,35
107;18:02:49;"Долгота=39° 11' 03.86"" Широта=45° 14' 59.88""";18:04:17;"Долгота=39° 10' 53.48"" Широта=45° 14' 56.90""";0,25;00:01:28;10,19
108;18:09:24;"Долгота=39° 10' 53.48"" Широта=45° 14' 56.90""";18:32:12;"Долгота=39° 00' 44.27"" Широта=45° 14' 16.77""";17,79;00:22:48;46,81
109;18:41:01;"Долгота=39° 00' 44.27"" Широта=45° 14' 16.77""";18:47:50;"Долгота=39° 00' 30.50"" Широта=45° 15' 13.46""";2,72;00:06:49;23,91
110;19:05:19;"Долгота=39° 00' 30.50"" Широта=45° 15' 13.46""";19:06:43;"Долгота=39° 00' 25.80"" Широта=45° 15' 05.95""";0,26;00:01:24;11,27
111;19:11:03;"Долгота=39° 00' 25.80"" Широта=45° 15' 05.95""";19:25:36;"Долгота=38° 59' 00.00"" Широта=45° 14' 37.51""";6,26;00:14:33;25,82
112;20:11:11;"Долгота=38° 59' 00.00"" Широта=45° 14' 37.51""";20:15:03;Хоз двор. Место где находится гараж.;1,52;00:03:52;23,52
113;20:26:37;Хоз двор. Место где находится гараж.;20:34:21;"Долгота=39° 00' 23.21"" Широта=45° 14' 33.51""";2,82;00:07:44;21,87
114;20:39:43;"Долгота=39° 00' 23.21"" Широта=45° 14' 33.51""";20:39:55;"Долгота=39° 00' 23.70"" Широта=45° 14' 29.29""";0,13;00:00:12;0,00
115;20:42:21;"Долгота=39° 00' 23.70"" Широта=45° 14' 29.29""";20:42:40;"Долгота=39° 00' 24.72"" Широта=45° 14' 24.61""";0,15;00:00:19;0,00
116;20:43:49;"Долгота=39° 00' 24.72"" Широта=45° 14' 24.61""";20:43:52;"Долгота=39° 00' 24.91"" Широта=45° 14' 22.50""";0,07;00:00:03;0,00
117;20:47:31;"Долгота=39° 00' 24.91"" Широта=45° 14' 22.50""";20:47:43;"Долгота=39° 00' 25.14"" Широта=45° 14' 19.14""";0,10;00:00:12;0,00
118;20:49:51;"Долгота=39° 00' 25.14"" Широта=45° 14' 19.14""";20:50:50;"Долгота=39° 00' 25.97"" Широта=45° 14' 12.11""";0,22;00:00:59;0,00
119;20:55:08;"Долгота=39° 00' 25.97"" Широта=45° 14' 12.11""";20:55:14;"Долгота=39° 00' 26.52"" Широта=45° 14' 09.87""";0,07;00:00:06;0,00
120;20:56:30;"Долгота=39° 00' 26.52"" Широта=45° 14' 09.87""";20:58:27;"Долгота=39° 00' 33.27"" Широта=45° 14' 04.20""";0,26;00:01:57;7,97
121;21:00:02;"Долгота=39° 00' 33.27"" Широта=45° 14' 04.20""";21:00:56;"Долгота=39° 00' 26.16"" Широта=45° 14' 07.66""";0,20;00:00:54;0,00
122;21:16:09;"Долгота=39° 00' 26.16"" Широта=45° 14' 07.66""";21:16:39;Точка №1 ул. Набережная.;0,08;00:00:30;0,00
123;21:25:17;Точка №1 ул. Набережная.;21:29:34;"Долгота=39° 00' 20.17"" Широта=45° 14' 42.00""";1,24;00:04:17;17,31
124;21:37:06;"Долгота=39° 00' 20.17"" Широта=45° 14' 42.00""";21:39:43;"Долгота=39° 00' 16.60"" Широта=45° 14' 53.53""";0,37;00:02:37;8,37
125;21:42:37;"Долгота=39° 00' 16.60"" Широта=45° 14' 53.53""";21:43:14;Точка №2 ул.Привокзальная.;0,12;00:00:37;0,00
126;21:55:12;Точка №2 ул.Привокзальная.;21:56:06;"Долгота=39° 00' 12.63"" Широта=45° 15' 05.07""";0,24;00:00:54;0,00
127;22:01:56;"Долгота=39° 00' 12.63"" Широта=45° 15' 05.07""";22:02:12;"Долгота=39° 00' 11.60"" Широта=45° 15' 07.94""";0,09;00:00:16;0,00
128;22:05:50;"Долгота=39° 00' 11.60"" Широта=45° 15' 07.94""";22:14:54;"Долгота=38° 58' 44.54"" Широта=45° 14' 14.21""";3,81;00:09:04;25,24
129;22:23:07;"Долгота=38° 58' 44.54"" Широта=45° 14' 14.21""";22:28:01;"Долгота=38° 59' 14.01"" Широта=45° 13' 31.07""";1,51;00:04:54;18,50
130;22:29:19;"Долгота=38° 59' 14.01"" Широта=45° 13' 31.07""";22:30:37;"Долгота=38° 59' 21.82"" Широта=45° 13' 31.97""";0,17;00:01:18;7,94
131;22:33:48;"Долгота=38° 59' 21.82"" Широта=45° 13' 31.97""";22:34:08;"Долгота=38° 59' 26.97"" Широта=45° 13' 32.51""";0,11;00:00:20;0,00
132;22:37:07;"Долгота=38° 59' 26.97"" Широта=45° 13' 32.51""";22:39:07;"Долгота=38° 59' 32.52"" Широта=45° 13' 33.33""";0,12;00:02:00;3,72
133;22:40:41;"Долгота=38° 59' 32.52"" Широта=45° 13' 33.33""";22:40:45;"Долгота=38° 59' 35.10"" Широта=45° 13' 33.85""";0,06;00:00:04;0,00
134;22:43:33;"Долгота=38° 59' 35.10"" Широта=45° 13' 33.85""";22:45:39;"Долгота=38° 59' 45.35"" Широта=45° 13' 35.23""";0,23;00:02:06;6,49
135;22:49:16;"Долгота=38° 59' 45.35"" Широта=45° 13' 35.23""";23:31:06;"Долгота=39° 11' 31.14"" Широта=45° 15' 02.18""";34,37;00:41:50;49,29
136;23:33:29;"Долгота=39° 11' 31.14"" Широта=45° 15' 02.18""";23:35:27;"Долгота=39° 11' 03.85"" Широта=45° 14' 59.78""";0,60;00:01:58;18,34
137;23:37:44;"Долгота=39° 11' 03.85"" Широта=45° 14' 59.78""";23:38:28;"Долгота=39° 10' 55.28"" Широта=45° 14' 57.03""";0,21;00:00:44;0,00
138;23:44:04;"Долгота=39° 10' 55.28"" Широта=45° 14' 57.03""";23:45:04;Точка №3 тупичёк за озером.;0,18;00:01:00;10,86
1;00:04:08;"Долгота=39° 11' 16.14"" Широта=45° 15' 01.15""";00:31:30;Хоз двор. Место где находится гараж.;21,33;00:27:22;46,77
2;01:01:14;Хоз двор. Место где находится гараж.;01:05:40;"Долгота=38° 59' 07.51"" Широта=45° 14' 20.08""";0,90;00:04:26;12,23
3;01:12:32;"Долгота=38° 59' 07.51"" Широта=45° 14' 20.08""";01:13:18;"Долгота=38° 59' 05.03"" Широта=45° 14' 25.68""";0,18;00:00:46;0,00
4;01:25:02;"Долгота=38° 59' 05.03"" Широта=45° 14' 25.68""";01:26:23;"Долгота=38° 59' 01.79"" Широта=45° 14' 33.70""";0,26;00:01:21;11,47
5;01:30:57;"Долгота=38° 59' 01.79"" Широта=45° 14' 33.70""";01:31:23;"Долгота=38° 58' 59.88"" Широта=45° 14' 37.66""";0,13;00:00:26;0,00
6;02:01:13;"Долгота=38° 58' 59.88"" Широта=45° 14' 37.66""";02:02:08;"Долгота=38° 58' 58.83"" Широта=45° 14' 42.06""";0,14;00:00:55;0,00
7;02:05:30;"Долгота=38° 58' 58.83"" Широта=45° 14' 42.06""";02:05:34;"Долгота=38° 58' 58.38"" Широта=45° 14' 44.26""";0,07;00:00:04;0,00
8;02:06:57;"Долгота=38° 58' 58.38"" Широта=45° 14' 44.26""";02:07:00;"Долгота=38° 58' 58.16"" Широта=45° 14' 45.02""";0,02;00:00:03;0,00
9;02:12:04;"Долгота=38° 58' 58.16"" Широта=45° 14' 45.02""";02:12:18;"Долгота=38° 58' 57.42"" Широта=45° 14' 48.20""";0,10;00:00:14;0,00
10;02:17:23;"Долгота=38° 58' 57.42"" Широта=45° 14' 48.20""";02:18:10;"Долгота=38° 58' 56.06"" Широта=45° 14' 53.24""";0,16;00:00:47;0,00
11;02:20:14;"Долгота=38° 58' 56.06"" Широта=45° 14' 53.24""";02:20:21;"Долгота=38° 58' 55.59"" Широта=45° 14' 55.14""";0,06;00:00:07;0,00
12;02:23:02;"Долгота=38° 58' 55.59"" Широта=45° 14' 55.14""";02:26:34;"Долгота=39° 00' 11.78"" Широта=45° 15' 07.51""";1,81;00:03:32;30,67
13;02:28:00;"Долгота=39° 00' 11.78"" Широта=45° 15' 07.51""";02:28:13;"Долгота=39° 00' 12.81"" Широта=45° 15' 04.66""";0,09;00:00:13;0,00
14;02:30:08;"Долгота=39° 00' 12.81"" Широта=45° 15' 04.66""";02:31:00;"Долгота=39° 00' 13.83"" Широта=45° 15' 01.21""";0,11;00:00:52;0,00
15;02:32:44;"Долгота=39° 00' 13.83"" Широта=45° 15' 01.21""";02:34:02;"Долгота=39° 00' 15.92"" Широта=45° 14' 54.95""";0,20;00:01:18;9,18
16;02:35:55;"Долгота=39° 00' 15.92"" Широта=45° 14' 54.95""";02:37:21;"Долгота=39° 00' 17.85"" Широта=45° 14' 49.18""";0,18;00:01:26;7,66
17;02:40:23;"Долгота=39° 00' 17.85"" Широта=45° 14' 49.18""";02:42:25;"Долгота=39° 00' 21.57"" Широта=45° 14' 39.88""";0,30;00:02:02;8,79
18;02:43:26;"Долгота=39° 00' 21.57"" Широта=45° 14' 39.88""";02:43:38;"Долгота=39° 00' 22.11"" Широта=45° 14' 37.62""";0,07;00:00:12;0,00
19;02:45:26;"Долгота=39° 00' 22.11"" Широта=45° 14' 37.62""";02:52:58;"Долгота=38° 57' 09.71"" Широта=45° 13' 58.98""";4,40;00:07:32;35,06
20;02:58:02;"Долгота=38° 57' 09.71"" Широта=45° 13' 58.98""";03:00:02;"Долгота=38° 57' 15.70"" Широта=45° 13' 57.75""";0,14;00:02:00;4,08
21;03:06:51;"Долгота=38° 57' 15.70"" Широта=45° 13' 57.75""";03:34:24;"Долгота=39° 11' 06.97"" Широта=45° 13' 58.12""";19,51;00:27:33;42,48
22;03:39:47;"Долгота=39° 11' 06.97"" Широта=45° 13' 58.12""";03:45:04;"Долгота=39° 11' 31.34"" Широта=45° 15' 02.46""";2,87;00:05:17;32,62
23;03:46:31;"Долгота=39° 11' 31.34"" Широта=45° 15' 02.46""";03:48:44;"Долгота=39° 11' 03.86"" Широта=45° 14' 59.88""";0,60;00:02:13;16,35
24;03:58:44;"Долгота=39° 11' 03.86"" Широта=45° 14' 59.88""";04:01:07;"Долгота=39° 10' 53.48"" Широта=45° 14' 56.90""";0,16;00:02:23;3,90
25;04:06:14;"Долгота=39° 10' 53.48"" Широта=45° 14' 56.90""";04:29:02;"Долгота=39° 00' 44.27"" Широта=45° 14' 16.77""";17,79;00:22:48;46,81
26;04:37:51;"Долгота=39° 00' 44.27"" Широта=45° 14' 16.77""";04:44:40;"Долгота=39° 00' 30.50"" Широта=45° 15' 13.46""";2,72;00:06:49;23,91
27;05:02:09;"Долгота=39° 00' 30.50"" Широта=45° 15' 13.46""";05:03:33;"Долгота=39° 00' 25.80"" Широта=45° 15' 05.95""";0,26;00:01:24;11,27
28;05:07:53;"Долгота=39° 00' 25.80"" Широта=45° 15' 05.95""";05:22:26;"Долгота=38° 59' 00.00"" Широта=45° 14' 37.51""";6,26;00:14:33;25,82
29;06:08:01;"Долгота=38° 59' 00.00"" Широта=45° 14' 37.51""";06:11:53;Хоз двор. Место где находится гараж.;1,52;00:03:52;23,52
30;06:23:27;Хоз двор. Место где находится гараж.;06:31:11;"Долгота=39° 00' 23.21"" Широта=45° 14' 33.51""";2,82;00:07:44;21,87
31;06:36:33;"Долгота=39° 00' 23.21"" Широта=45° 14' 33.51""";06:36:45;"Долгота=39° 00' 23.70"" Широта=45° 14' 29.29""";0,13;00:00:12;0,00
32;06:39:11;"Долгота=39° 00' 23.70"" Широта=45° 14' 29.29""";06:39:30;"Долгота=39° 00' 24.72"" Широта=45° 14' 24.61""";0,15;00:00:19;0,00
33;06:40:39;"Долгота=39° 00' 24.72"" Широта=45° 14' 24.61""";06:40:42;"Долгота=39° 00' 24.91"" Широта=45° 14' 22.50""";0,07;00:00:03;0,00
34;06:44:21;"Долгота=39° 00' 24.91"" Широта=45° 14' 22.50""";06:44:33;"Долгота=39° 00' 25.14"" Широта=45° 14' 19.14""";0,10;00:00:12;0,00
35;06:46:41;"Долгота=39° 00' 25.14"" Широта=45° 14' 19.14""";06:47:40;"Долгота=39° 00' 25.97"" Широта=45° 14' 12.11""";0,22;00:00:59;0,00
36;06:51:58;"Долгота=39° 00' 25.97"" Широта=45° 14' 12.11""";06:52:04;"Долгота=39° 00' 26.52"" Широта=45° 14' 09.87""";0,07;00:00:06;0,00
37;06:53:20;"Долгота=39° 00' 26.52"" Широта=45° 14' 09.87""";06:55:17;"Долгота=39° 00' 33.27"" Широта=45° 14' 04.20""";0,26;00:01:57;7,97
38;06:56:52;"Долгота=39° 00' 33.27"" Широта=45° 14' 04.20""";06:57:46;"Долгота=39° 00' 26.16"" Широта=45° 14' 07.66""";0,20;00:00:54;0,00
39;07:12:59;"Долгота=39° 00' 26.16"" Широта=45° 14' 07.66""";07:13:29;Точка №1 ул. Набережная.;0,08;00:00:30;0,00
40;07:22:07;Точка №1 ул. Набережная.;07:26:24;"Долгота=39° 00' 20.17"" Широта=45° 14' 42.00""";1,24;00:04:17;17,31
41;07:33:56;"Долгота=39° 00' 20.17"" Широта=45° 14' 42.00""";07:36:33;"Долгота=39° 00' 16.60"" Широта=45° 14' 53.53""";0,37;00:02:37;8,37
42;07:39:27;"Долгота=39° 00' 16.60"" Широта=45° 14' 53.53""";07:40:04;Точка №2 ул.Привокзальная.;0,12;00:00:37;0,00
43;07:52:02;Точка №2 ул.Привокзальная.;07:52:56;"Долгота=39° 00' 12.63"" Широта=45° 15' 05.07""";0,24;00:00:54;0,00
44;07:58:46;"Долгота=39° 00' 12.63"" Широта=45° 15' 05.07""";07:59:02;"Долгота=39° 00' 11.60"" Широта=45° 15' 07.94""";0,09;00:00:16;0,00
45;08:02:40;"Долгота=39° 00' 11.60"" Широта=45° 15' 07.94""";08:11:44;"Долгота=38° 58' 44.54"" Широта=45° 14' 14.21""";3,81;00:09:04;25,24
46;08:19:57;"Долгота=38° 58' 44.54"" Широта=45° 14' 14.21""";08:24:51;"Долгота=38° 59' 14.01"" Широта=45° 13' 31.07""";1,51;00:04:54;18,50
47;08:26:09;"Долгота=38° 59' 14.01"" Широта=45° 13' 31.07""";08:27:27;"Долгота=38° 59' 21.82"" Широта=45° 13' 31.97""";0,17;00:01:18;7,94
48;08:30:38;"Долгота=38° 59' 21.82"" Широта=45° 13' 31.97""";08:30:58;"Долгота=38° 59' 26.97"" Широта=45° 13' 32.51""";0,11;00:00:20;0,00
49;08:33:57;"Долгота=38° 59' 26.97"" Широта=45° 13' 32.51""";08:35:57;"Долгота=38° 59' 32.52"" Широта=45° 13' 33.33""";0,12;00:02:00;3,72
50;08:37:31;"Долгота=38° 59' 32.52"" Широта=45° 13' 33.33""";08:37:35;"Долгота=38° 59' 35.10"" Широта=45° 13' 33.85""";0,06;00:00:04;0,00
51;08:40:23;"Долгота=38° 59' 35.10"" Широта=45° 13' 33.85""";08:42:29;"Долгота=38° 59' 45.35"" Широта=45° 13' 35.23""";0,23;00:02:06;6,49
52;08:46:06;"Долгота=38° 59' 45.35"" Широта=45° 13' 35.23""";09:27:56;"Долгота=39° 11' 31.14"" Широта=45° 15' 02.18""";34,37;00:41:50;49,29
53;09:30:19;"Долгота=39° 11' 31.14"" Широта=45° 15' 02.18""";09:32:17;"Долгота=39° 11' 03.85"" Широта=45° 14' 59.78""";0,60;00:01:58;18,34
54;09:34:34;"Долгота=39° 11' 03.85"" Широта=45° 14' 59.78""";09:35:18;"Долгота=39° 10' 55.28"" Широта=45° 14' 57.03""";0,21;00:00:44;0,00
55;09:40:54;"Долгота=39° 10' 55.28"" Широта=45° 14' 57.03""";09:41:54;Точка №3 тупичёк за озером.;0,18;00:01:00;10,86
56;10:00:58;Точка №3 тупичёк за озером.;10:28:20;Хоз двор. Место где находится гараж.;21,33;00:27:22;46,77
57;10:58:04;Хоз двор. Место где находится гараж.;11:02:30;"Долгота=38° 59' 07.51"" Широта=45° 14' 20.08""";0,90;00:04:26;12,23
58;11:09:22;"Долгота=38° 59' 07.51"" Широта=45° 14' 20.08""";11:10:08;"Долгота=38° 59' 05.03"" Широта=45° 14' 25.68""";0,18;00:00:46;0,00
59;11:21:52;"Долгота=38° 59' 05.03"" Широта=45° 14' 25.68""";11:23:13;"Долгота=38° 59' 01.79"" Широта=45° 14' 33.70""";0,26;00:01:21;11,47
60;11:27:47;"Долгота=38° 59' 01.79"" Широта=45° 14' 33.70""";11:28:13;"Долгота=38° 58' 59.88"" Широта=45° 14' 37.66""";0,13;00:00:26;0,00
61;11:58:03;"Долгота=38° 58' 59.88"" Широта=45° 14' 37.66""";11:58:58;"Долгота=38° 58' 58.83"" Широта=45° 14' 42.06""";0,14;00:00:55;0,00
62;12:02:20;"Долгота=38° 58' 58.83"" Широта=45° 14' 42.06""";12:02:24;"Долгота=38° 58' 58.38"" Широта=45° 14' 44.26""";0,07;00:00:04;0,00
63;12:03:47;"Долгота=38° 58' 58.38"" Широта=45° 14' 44.26""";12:03:50;"Долгота=38° 58' 58.16"" Широта=45° 14' 45.02""";0,02;00:00:03;0,00
64;12:08:54;"Долгота=38° 58' 58.16"" Широта=45° 14' 45.02""";12:09:08;"Долгота=38° 58' 57.42"" Широта=45° 14' 48.20""";0,10;00:00:14;0,00
65;12:14:13;"Долгота=38° 58' 57.42"" Широта=45° 14' 48.20""";12:15:00;"Долгота=38° 58' 56.06"" Широта=45° 14' 53.24""";0,16;00:00:47;0,00
66;12:17:04;"Долгота=38° 58' 56.06"" Широта=45° 14' 53.24""";12:17:11;"Долгота=38° 58' 55.59"" Широта=45° 14' 55.14""";0,06;00:00:07;0,00
67;12:19:52;"Долгота=38° 58' 55.59"" Широта=45° 14' 55.14""";12:23:24;"Долгота=39° 00' 11.78"" Широта=45° 15' 07.51""";1,81;00:03:32;30,67
68;12:24:50;"Долгота=39° 00' 11.78"" Широта=45° 15' 07.51""";12:25:03;"Долгота=39° 00' 12.81"" Широта=45° 15' 04.66""";0,09;00:00:13;0,00
69;12:26:58;"Долгота=39° 00' 12.81"" Широта=45° 15' 04.66""";12:27:50;"Долгота=39° 00' 13.83"" Широта=45° 15' 01.21""";0,11;00:00:52;0,00
70;12:29:34;"Долгота=39° 00' 13.83"" Широта=45° 15' 01.21""";12:30:52;"Долгота=39° 00' 15.92"" Широта=45° 14' 54.95""";0,20;00:01:18;9,18
71;12:32:45;"Долгота=39° 00' 15.92"" Широта=45° 14' 54.95""";12:34:11;"Долгота=39° 00' 17.85"" Широта=45° 14' 49.18""";0,18;00:01:26;7,66
72;12:37:13;"Долгота=39° 00' 17.85"" Широта=45° 14' 49.18""";12:39:15;"Долгота=39° 00' 21.57"" Широта=45° 14' 39.88""";0,30;00:02:02;8,79
73;12:40:16;"Долгота=39° 00' 21.57"" Широта=45° 14' 39.88""";12:40:28;"Долгота=39° 00' 22.11"" Широта=45° 14' 37.62""";0,07;00:00:12;0,00
74;12:42:16;"Долгота=39° 00' 22.11"" Широта=45° 14' 37.62""";12:49:48;"Долгота=38° 57' 09.71"" Широта=45° 13' 58.98""";4,40;00:07:32;35,06
75;12:54:52;"Долгота=38° 57' 09.71"" Широта=45° 13' 58.98""";12:56:52;"Долгота=38° 57' 15.70"" Широта=45° 13' 57.75""";0,14;00:02:00;4,08
76;13:03:41;"Долгота=38° 57' 15.70"" Широта=45° 13' 57.75""";13:31:14;"Долгота=39° 11' 06.97"" Широта=45° 13' 58.12""";19,51;00:27:33;42,48
77;13:36:37;"Долгота=39° 11' 06.97"" Широта=45° 13' 58.12""";13:41:54;"Долгота=39° 11' 31.34"" Широта=45° 15' 02.46""";2,87;00:05:17;32,62
78;13:43:21;"Долгота=39° 11' 31.34"" Широта=45° 15' 02.46""";13:45:34;"Долгота=39° 11' 03.86"" Широта=45° 14' 59.88""";0,60;00:02:13;16,35
79;13:56:29;"Долгота=39° 11' 03.86"" Широта=45° 14' 59.88""";13:57:57;"Долгота=39° 10' 53.48"" Широта=45° 14' 56.90""";0,25;00:01:28;10,19
80;14:03:04;"Долгота=39° 10' 53.48"" Широта=45° 14' 56.90""";14:25:52;"Долгота=39° 00' 44.27"" Широта=45° 14' 16.77""";17,79;00:22:48;46,81
81;14:34:41;"Долгота=39° 00' 44.27"" Широта=45° 14' 16.77""";14:41:30;"Долгота=39° 00' 30.50"" Широта=45° 15' 13.46""";2,72;00:06:49;23,91
82;14:58:59;"Долгота=39° 00' 30.50"" Широта=45° 15' 13.46""";15:00:23;"Долгота=39° 00' 25.80"" Широта=45° 15' 05.95""";0,26;00:01:24;11,27
83;15:04:43;"Долгота=39° 00' 25.80"" Широта=45° 15' 05.95""";15:19:16;"Долгота=38° 59' 00.00"" Широта=45° 14' 37.51""";6,26;00:14:33;25,82
84;16:04:51;"Долгота=38° 59' 00.00"" Широта=45° 14' 37.51""";16:08:43;Хоз двор. Место где находится гараж.;1,52;00:03:52;23,52
85;16:20:17;Хоз двор. Место где находится гараж.;16:28:01;"Долгота=39° 00' 23.21"" Широта=45° 14' 33.51""";2,82;00:07:44;21,87
86;16:33:23;"Долгота=39° 00' 23.21"" Широта=45° 14' 33.51""";16:33:35;"Долгота=39° 00' 23.70"" Широта=45° 14' 29.29""";0,13;00:00:12;0,00
87;16:36:01;"Долгота=39° 00' 23.70"" Широта=45° 14' 29.29""";16:36:20;"Долгота=39° 00' 24.72"" Широта=45° 14' 24.61""";0,15;00:00:19;0,00
88;16:37:29;"Долгота=39° 00' 24.72"" Широта=45° 14' 24.61""";16:37:32;"Долгота=39° 00' 24.91"" Широта=45° 14' 22.50""";0,07;00:00:03;0,00
89;16:41:11;"Долгота=39° 00' 24.91"" Широта=45° 14' 22.50""";16:41:23;"Долгота=39° 00' 25.14"" Широта=45° 14' 19.14""";0,10;00:00:12;0,00
90;16:43:31;"Долгота=39° 00' 25.14"" Широта=45° 14' 19.14""";16:44:30;"Долгота=39° 00' 25.97"" Широта=45° 14' 12.11""";0,22;00:00:59;0,00
91;16:48:48;"Долгота=39° 00' 25.97"" Широта=45° 14' 12.11""";16:48:54;"Долгота=39° 00' 26.52"" Широта=45° 14' 09.87""";0,07;00:00:06;0,00
92;16:50:10;"Долгота=39° 00' 26.52"" Широта=45° 14' 09.87""";16:52:07;"Долгота=39° 00' 33.27"" Широта=45° 14' 04.20""";0,26;00:01:57;7,97
93;16:53:42;"Долгота=39° 00' 33.27"" Широта=45° 14' 04.20""";16:54:36;"Долгота=39° 00' 26.16"" Широта=45° 14' 07.66""";0,20;00:00:54;0,00
94;17:09:49;"Долгота=39° 00' 26.16"" Широта=45° 14' 07.66""";17:10:19;Точка №1 ул. Набережная.;0,08;00:00:30;0,00
95;17:18:57;Точка №1 ул. Набережная.;17:23:14;"Долгота=39° 00' 20.17"" Широта=45° 14' 42.00""";1,24;00:04:17;17,31
96;17:30:46;"Долгота=39° 00' 20.17"" Широта=45° 14' 42.00""";17:33:23;"Долгота=39° 00' 16.60"" Широта=45° 14' 53.53""";0,37;00:02:37;8,37
97;17:36:17;"Долгота=39° 00' 16.60"" Широта=45° 14' 53.53""";17:36:54;Точка №2 ул.Привокзальная.;0,12;00:00:37;0,00
98;17:48:52;Точка №2 ул.Привокзальная.;17:49:46;"Долгота=39° 00' 12.63"" Широта=45° 15' 05.07""";0,24;00:00:54;0,00
99;17:55:36;"Долгота=39° 00' 12.63"" Широта=45° 15' 05.07""";17:55:52;"Долгота=39° 00' 11.60"" Широта=45° 15' 07.94""";0,09;00:00:16;0,00
100;17:59:30;"Долгота=39° 00' 11.60"" Широта=45° 15' 07.94""";18:08:34;"Долгота=38° 58' 44.54"" Широта=45° 14' 14.21""";3,81;00:09:04;25,24
101;18:16:47;"Долгота=38° 58' 44.54"" Широта=45° 14' 14.21""";18:21:41;"Долгота=38° 59' 14.01"" Широта=45° 13' 31.07""";1,51;00:04:54;18,50
102;18:22:59;"Долгота=38° 59' 14.01"" Широта=45° 13' 31.07""";18:24:17;"Долгота=38° 59' 21.82"" Широта=45° 13' 31.97""";0,17;00:01:18;7,94
103;18:27:28;"Долгота=38° 59' 21.82"" Широта=45° 13' 31.97""";18:27:48;"Долгота=38° 59' 26.97"" Широта=45° 13' 32.51""";0,11;00:00:20;0,00
104;18:30:47;"Долгота=38° 59' 26.97"" Широта=45° 13' 32.51""";18:32:47;"Долгота=38° 59' 32.52"" Широта=45° 13' 33.33""";0,12;00:02:00;3,72
105;18:34:21;"Долгота=38° 59' 32.52"" Широта=45° 13' 33.33""";18:34:25;"Долгота=38° 59' 35.10"" Широта=45° 13' 33.85""";0,06;00:00:04;0,00
106;18:37:13;"Долгота=38° 59' 35.10"" Широта=45° 13' 33.85""";18:39:19;"Долгота=38° 59' 45.35"" Широта=45° 13' 35.23""";0,23;00:02:06;6,49
107;18:42:56;"Долгота=38° 59' 45.35"" Широта=45° 13' 35.23""";19:24:46;"Долгота=39° 11' 31.14"" Широта=45° 15' 02.18""";34,37;00:41:50;49,29
108;19:27:09;"Долгота=39° 11' 31.14"" Широта=45° 15' 02.18""";19:29:07;"Долгота=39° 11' 03.85"" Широта=45° 14' 59.78""";0,60;00:01:58;18,34
109;19:31:24;"Долгота=39° 11' 03.85"" Широта=45° 14' 59.78""";19:32:08;"Долгота=39° 10' 55.28"" Широта=45° 14' 57.03""";0,21;00:00:44;0,00
110;19:37:44;"Долгота=39° 10' 55.28"" Широта=45° 14' 57.03""";19:38:44;Точка №3 тупичёк за озером.;0,18;00:01:00;10,86
111;19:57:48;Точка №3 тупичёк за озером.;20:25:10;Хоз двор. Место где находится гараж.;21,33;00:27:22;46,77
112;20:54:54;Хоз двор. Место где находится гараж.;20:59:20;"Долгота=38° 59' 07.51"" Широта=45° 14' 20.08""";0,90;00:04:26;12,23
113;21:06:12;"Долгота=38° 59' 07.51"" Широта=45° 14' 20.08""";21:06:58;"Долгота=38° 59' 05.03"" Широта=45° 14' 25.68""";0,18;00:00:46;0,00
114;21:18:42;"Долгота=38° 59' 05.03"" Широта=45° 14' 25.68""";21:20:03;"Долгота=38° 59' 01.79"" Широта=45° 14' 33.70""";0,26;00:01:21;11,47
115;21:24:37;"Долгота=38° 59' 01.79"" Широта=45° 14' 33.70""";21:25:03;"Долгота=38° 58' 59.88"" Широта=45° 14' 37.66""";0,13;00:00:26;0,00
116;21:54:53;"Долгота=38° 58' 59.88"" Широта=45° 14' 37.66""";21:55:48;"Долгота=38° 58' 58.83"" Широта=45° 14' 42.06""";0,14;00:00:55;0,00
117;21:59:10;"Долгота=38° 58' 58.83"" Широта=45° 14' 42.06""";21:59:14;"Долгота=38° 58' 58.38"" Широта=45° 14' 44.26""";0,07;00:00:04;0,00
118;22:00:37;"Долгота=38° 58' 58.38"" Широта=45° 14' 44.26""";22:00:40;"Долгота=38° 58' 58.16"" Широта=45° 14' 45.02""";0,02;00:00:03;0,00
119;22:05:44;"Долгота=38° 58' 58.16"" Широта=45° 14' 45.02""";22:05:58;"Долгота=38° 58' 57.42"" Широта=45° 14' 48.20""";0,10;00:00:14;0,00
120;22:11:03;"Долгота=38° 58' 57.42"" Широта=45° 14' 48.20""";22:11:50;"Долгота=38° 58' 56.06"" Широта=45° 14' 53.24""";0,16;00:00:47;0,00
121;22:13:54;"Долгота=38° 58' 56.06"" Широта=45° 14' 53.24""";22:14:01;"Долгота=38° 58' 55.59"" Широта=45° 14' 55.14""";0,06;00:00:07;0,00
122;22:16:42;"Долгота=38° 58' 55.59"" Широта=45° 14' 55.14""";22:20:14;"Долгота=39° 00' 11.78"" Широта=45° 15' 07.51""";1,81;00:03:32;30,67
123;22:21:40;"Долгота=39° 00' 11.78"" Широта=45° 15' 07.51""";22:21:53;"Долгота=39° 00' 12.81"" Широта=45° 15' 04.66""";0,09;00:00:13;0,00
124;22:23:48;"Долгота=39° 00' 12.81"" Широта=45° 15' 04.66""";22:24:40;"Долгота=39° 00' 13.83"" Широта=45° 15' 01.21""";0,11;00:00:52;0,00
125;22:26:24;"Долгота=39° 00' 13.83"" Широта=45° 15' 01.21""";22:27:42;"Долгота=39° 00' 15.92"" Широта=45° 14' 54.95""";0,20;00:01:18;9,18
126;22:29:35;"Долгота=39° 00' 15.92"" Широта=45° 14' 54.95""";22:31:01;"Долгота=39° 00' 17.85"" Широта=45° 14' 49.18""";0,18;00:01:26;7,66
127;22:34:03;"Долгота=39° 00' 17.85"" Широта=45° 14' 49.18""";22:36:05;"Долгота=39° 00' 21.57"" Широта=45° 14' 39.88""";0,30;00:02:02;8,79
128;22:37:06;"Долгота=39° 00' 21.57"" Широта=45° 14' 39.88""";22:37:18;"Долгота=39° 00' 22.11"" Широта=45° 14' 37.62""";0,07;00:00:12;0,00
129;22:39:06;"Долгота=39° 00' 22.11"" Широта=45° 14' 37.62""";22:46:38;"Долгота=38° 57' 09.71"" Широта=45° 13' 58.98""";4,40;00:07:32;35,06
130;22:51:42;"Долгота=38° 57' 09.71"" Широта=45° 13' 58.98""";22:53:42;"Долгота=38° 57' 15.70"" Широта=45° 13' 57.75""";0,14;00:02:00;4,08
131;23:00:31;"Долгота=38° 57' 15.70"" Широта=45° 13' 57.75""";23:28:04;"Долгота=39° 11' 06.97"" Широта=45° 13' 58.12""";19,51;00:27:33;42,48
132;23:33:27;"Долгота=39° 11' 06.97"" Широта=45° 13' 58.12""";23:38:44;"Долгота=39° 11' 31.34"" Широта=45° 15' 02.46""";2,87;00:05:17;32,62
133;23:40:11;"Долгота=39° 11' 31.34"" Широта=45° 15' 02.46""";23:42:24;"Долгота=39° 11' 03.86"" Широта=45° 14' 59.88""";0,60;00:02:13;16,35
134;23:53:19;"Долгота=39° 11' 03.86"" Широта=45° 14' 59.88""";23:54:47;"Долгота=39° 10' 53.48"" Широта=45° 14' 56.90""";0,25;00:01:28;10,19
1;00:00:03;"Долгота=38° 48' 30.96"" Широта=52° 26' 20.52""";00:00:18;"Долгота=38° 48' 30.96"" Широта=52° 26' 20.52""";1,62;00:00:15;0,00
2;00:05:33;"Долгота=38° 48' 30.96"" Широта=52° 26' 20.52""";01:00:03;Зона интереса 03/22/2013 19:48:42.;53,85;00:54:30;59,28
3;01:05:18;Зона интереса 03/22/2013 19:48:42.;02:50:18;Зона интереса 03/22/2013 19:48:42.;121,58;01:45:00;69,47
4;03:58:33;Зона интереса 03/22/2013 19:48:42.;04:00:03;"Долгота=38° 05' 47.63"" Широта=53° 47' 31.03""";0,00;00:01:30;0,00
5;04:33:18;"Долгота=38° 05' 47.63"" Широта=53° 47' 31.03""";05:23:03;Краснода-Архангельск. Очень длинный трек.;64,19;00:49:45;77,42
6;05:28:18;Краснода-Архангельск. Очень длинный трек.;06:40:33;Краснода-Архангельск. Очень длинный трек.;93,19;01:12:15;77,39
7;17:28:48;Краснода-Архангельск. Очень длинный трек.;19:07:03;"Долгота=37° 01' 24.58"" Широта=55° 48' 31.93""";114,24;01:38:15;69,77
8;19:12:18;"Долгота=37° 01' 24.58"" Широта=55° 48' 31.93""";19:14:48;"Долгота=37° 02' 45.80"" Широта=55° 47' 06.77""";3,21;00:02:30;76,99
1;00:48:33;"Долгота=37° 01' 36.84"" Широта=55° 47' 39.15""";01:02:48;"Долгота=36° 53' 43.50"" Широта=55° 45' 31.45""";14,76;00:14:15;62,15
2;01:19:48;"Долгота=36° 53' 43.50"" Широта=55° 45' 31.45""";01:20:03;"Долгота=36° 53' 04.73"" Широта=55° 44' 48.11""";1,50;00:00:15;0,00
3;02:12:33;"Долгота=36° 53' 04.73"" Широта=55° 44' 48.11""";02:19:33;"Долгота=36° 53' 23.45"" Широта=55° 41' 41.92""";6,45;00:07:00;55,32
4;02:33:33;"Долгота=36° 53' 23.45"" Широта=55° 41' 41.92""";02:44:03;"Долгота=36° 59' 01.74"" Широта=55° 38' 00.09""";9,58;00:10:30;54,71
5;02:51:03;"Долгота=36° 59' 01.74"" Широта=55° 38' 00.09""";02:51:18;"Долгота=37° 00' 36.34"" Широта=55° 37' 47.12""";1,70;00:00:15;0,00
6;02:57:33;"Долгота=37° 00' 36.34"" Широта=55° 37' 47.12""";03:05:48;"Долгота=36° 59' 52.17"" Широта=55° 34' 16.90""";6,56;00:08:15;47,74
7;03:15:48;"Долгота=36° 59' 52.17"" Широта=55° 34' 16.90""";03:19:33;"Долгота=36° 58' 45.28"" Широта=55° 31' 48.19""";4,75;00:03:45;76,06
8;03:25:03;"Долгота=36° 58' 45.28"" Широта=55° 31' 48.19""";04:47:48;"Долгота=37° 11' 45.79"" Широта=54° 53' 05.90""";101,88;01:22:45;73,87
9;04:59:48;"Долгота=37° 11' 45.79"" Широта=54° 53' 05.90""";05:00:03;"Долгота=37° 12' 28.99"" Широта=54° 52' 23.68""";1,52;00:00:15;0,00
10;08:27:48;"Долгота=37° 12' 28.99"" Широта=54° 52' 23.68""";10:17:18;"Долгота=37° 01' 02.25"" Широта=55° 37' 16.83""";114,79;01:49:30;62,90
11;10:25:03;"Долгота=37° 01' 02.25"" Широта=55° 37' 16.83""";10:56:03;"Долгота=36° 53' 29.68"" Широта=55° 45' 15.11""";29,82;00:31:00;57,71
12;11:22:48;"Долгота=36° 53' 29.68"" Широта=55° 45' 15.11""";13:22:48;"Долгота=37° 55' 59.55"" Широта=55° 08' 09.80""";115,66;02:00:00;57,83
13;21:13:18;"Долгота=37° 55' 59.55"" Широта=55° 08' 09.80""";23:21:33;"Долгота=38° 07' 44.32"" Широта=53° 47' 26.91""";158,69;02:08:15;74,24
1;02:24:18;Зона интереса 03/22/2013 19:58:26.;02:24:33;Зона интереса 03/22/2013 19:58:26.;1,57;00:00:15;0,00
2;03:59:33;Зона интереса 03/22/2013 19:58:26.;04:00:03;"Долгота=38° 07' 46.07"" Широта=53° 46' 17.93""";0,00;00:00:30;0,00
3;05:05:33;"Долгота=38° 07' 46.07"" Широта=53° 46' 17.93""";05:09:33;Зона интереса 03/22/2013 19:48:42.;3,05;00:04:00;45,78
4;08:33:48;Зона интереса 03/22/2013 19:48:42.;11:03:18;Зона интереса 03/22/2013 19:48:42.;147,49;02:29:30;59,19
5;11:13:18;Зона интереса 03/22/2013 19:48:42.;12:16:48;Зона интереса 03/22/2013 19:48:42.;70,81;01:03:30;66,90
6;20:54:03;Зона интереса 03/22/2013 19:48:42.;21:42:48;Зона интереса 03/22/2013 19:48:42.;52,38;00:48:45;64,47
7;21:49:48;Зона интереса 03/22/2013 19:48:42.;22:27:18;Зона интереса 03/22/2013 19:48:42.;41,86;00:37:30;66,97
1;00:00:00;"Долгота=39° 51' 48.17"" Широта=47° 19' 02.91""";02:24:01;Краснода-Архангельск. Очень длинный трек.;169,55;02:24:01;70,64
2;02:30:31;Краснода-Архангельск. Очень длинный трек.;04:11:31;Краснода-Архангельск. Очень длинный трек.;80,67;01:41:00;47,92
3;04:16:46;Краснода-Архангельск. Очень длинный трек.;05:28:46;"Долгота=40° 50' 06.75"" Широта=49° 28' 55.15""";36,51;01:12:00;30,42
4;05:38:46;"Долгота=40° 50' 06.75"" Широта=49° 28' 55.15""";05:53:16;"Долгота=40° 48' 17.77"" Широта=49° 29' 05.47""";3,07;00:14:30;12,70
5;07:56:31;"Долгота=40° 48' 17.77"" Широта=49° 29' 05.47""";07:56:32;"Долгота=40° 48' 18.06"" Широта=49° 29' 05.34""";0,01;00:00:01;0,00
6;11:15:38;"Долгота=40° 48' 18.06"" Широта=49° 29' 05.34""";11:23:23;Постоим, отдохнём..;1,57;00:07:45;12,13
7;11:38:23;Постоим, отдохнём..;12:00:08;"Долгота=40° 45' 42.16"" Широта=49° 28' 22.89""";2,83;00:21:45;7,82
8;18:22:38;"Долгота=40° 45' 42.16"" Широта=49° 28' 22.89""";18:44:23;Постоим, отдохнём..;2,78;00:21:45;7,67
9;19:08:38;Постоим, отдохнём..;19:11:38;Постоим, отдохнём..;0,35;00:03:00;6,98
10;19:45:38;Постоим, отдохнём..;20:46:14;"Долгота=40° 53' 15.77"" Широта=49° 24' 59.39""";15,74;01:00:36;15,59
11;21:09:14;"Долгота=40° 53' 15.77"" Широта=49° 24' 59.39""";23:12:44;Краснода-Архангельск. Очень длинный трек.;108,45;02:03:30;52,69
1;00:00:00;Краснода-Архангельск. Очень длинный трек.;07:31:39;"Долгота=39° 12' 45.05"" Широта=45° 08' 25.17""";416,05;07:31:39;55,27
2;11:17:35;"Долгота=39° 12' 45.05"" Широта=45° 08' 25.17""";12:03:50;"Долгота=39° 35' 05.86"" Широта=45° 13' 07.49""";42,01;00:46:15;54,49
3;12:12:35;"Долгота=39° 35' 05.86"" Широта=45° 13' 07.49""";12:13:50;"Долгота=39° 35' 26.58"" Широта=45° 13' 06.85""";0,46;00:01:15;21,89
4;12:22:20;"Долгота=39° 35' 26.58"" Широта=45° 13' 06.85""";12:39:42;"Долгота=39° 40' 49.65"" Широта=45° 13' 34.50""";8,72;00:17:22;30,11
5;12:45:42;"Долгота=39° 40' 49.65"" Широта=45° 13' 34.50""";13:06:57;"Долгота=39° 39' 39.76"" Широта=45° 11' 20.92""";10,24;00:21:15;28,91
6;13:37:27;"Долгота=39° 39' 39.76"" Широта=45° 11' 20.92""";14:23:42;"Долгота=39° 46' 12.91"" Широта=44° 54' 08.64""";41,19;00:46:15;53,43
7;14:29:12;"Долгота=39° 46' 12.91"" Широта=44° 54' 08.64""";14:32:57;"Долгота=39° 45' 33.65"" Широта=44° 54' 19.57""";0,99;00:03:45;15,86
8;14:54:42;"Долгота=39° 45' 33.65"" Широта=44° 54' 19.57""";14:55:12;"Долгота=39° 45' 29.18"" Широта=44° 54' 20.55""";0,10;00:00:30;0,00
9;15:15:27;"Долгота=39° 45' 29.18"" Широта=44° 54' 20.55""";15:17:57;"Долгота=39° 45' 50.34"" Широта=44° 54' 09.22""";0,62;00:02:30;14,78
10;16:16:27;"Долгота=39° 45' 50.34"" Широта=44° 54' 09.22""";17:30:57;"Долгота=39° 41' 11.06"" Широта=45° 22' 02.27""";63,21;01:14:30;50,91
11;17:42:12;"Долгота=39° 41' 11.06"" Широта=45° 22' 02.27""";19:10:42;Овал.;85,32;01:28:30;57,85
12;19:46:12;Овал.;19:47:57;Овал.;0,35;00:01:45;11,90
13;20:25:12;Овал.;22:19:33;"Долгота=39° 39' 38.17"" Широта=45° 11' 20.82""";115,82;01:54:21;60,77
14;22:54:03;"Долгота=39° 39' 38.17"" Широта=45° 11' 20.82""";23:14:18;Зона интереса 07/31/2013 12:13:55. 2345.;17,17;00:20:15;50,87
15;23:23:03;Зона интереса 07/31/2013 12:13:55. 2345.;23:25:03;Зона интереса 07/31/2013 12:13:55. 2345.;0,37;00:02:00;11,22
16;23:41:03;Зона интереса 07/31/2013 12:13:55. 2345.;23:41:33;Зона интереса 07/31/2013 12:13:55. 2345.;0,09;00:00:30;0,00
1;00:14:33;Зона интереса 07/31/2013 12:13:55. 2345.;02:51:18;"Долгота=39° 25' 42.00"" Широта=45° 59' 10.92""";135,75;02:36:45;51,96
2;03:23:33;"Долгота=39° 25' 42.00"" Широта=45° 59' 10.92""";03:24:18;"Долгота=39° 25' 41.86"" Широта=45° 59' 18.86""";0,25;00:00:45;0,00
3;03:53:13;"Долгота=39° 25' 41.86"" Широта=45° 59' 18.86""";04:48:33;"Долгота=39° 36' 40.30"" Широта=45° 42' 21.08""";52,15;00:55:20;56,55
4;04:54:18;"Долгота=39° 36' 40.30"" Широта=45° 42' 21.08""";06:19:48;Зона интереса 07/31/2013 12:13:55. 2345.;76,66;01:25:30;53,80
5;06:31:18;Зона интереса 07/31/2013 12:13:55. 2345.;06:31:48;Зона интереса 07/31/2013 12:13:55. 2345.;0,09;00:00:30;0,00
6;06:43:33;Зона интереса 07/31/2013 12:13:55. 2345.;07:56:18;"Долгота=39° 13' 44.87"" Широта=45° 17' 42.53""";45,85;01:12:45;37,82
7;08:19:03;"Долгота=39° 13' 44.87"" Широта=45° 17' 42.53""";09:19:48;"Долгота=39° 34' 58.37"" Широта=45° 12' 37.91""";43,86;01:00:45;43,32
8;09:34:03;"Долгота=39° 34' 58.37"" Широта=45° 12' 37.91""";09:42:19;"Долгота=39° 33' 27.00"" Широта=45° 12' 09.18""";2,30;00:08:16;16,69
9;09:48:49;"Долгота=39° 33' 27.00"" Широта=45° 12' 09.18""";12:45:04;"Долгота=38° 09' 26.92"" Широта=45° 38' 59.24""";160,96;02:56:15;54,79
10;13:01:49;"Долгота=38° 09' 26.92"" Широта=45° 38' 59.24""";13:41:19;"Долгота=38° 00' 57.31"" Широта=45° 47' 12.91""";21,19;00:39:30;32,18
11;19:34:04;"Долгота=38° 00' 57.31"" Широта=45° 47' 12.91""";20:40:04;"Долгота=38° 28' 47.46"" Широта=45° 35' 28.12""";51,45;01:06:00;46,77
12;20:47:04;"Долгота=38° 28' 47.46"" Широта=45° 35' 28.12""";23:12:19;"Долгота=39° 34' 58.46"" Широта=45° 12' 37.84""";134,19;02:25:15;55,43
13;23:28:00;"Долгота=39° 34' 58.46"" Широта=45° 12' 37.84""";23:32:35;"Долгота=39° 34' 58.46"" Широта=45° 12' 37.84""";0,00;00:04:35;0,00
